Country,Year,Carbon stocks in forests,Change in mean sea level: Sea level,Drought,Extreme temperature,Flood,Forest area,Landslide,Share of forest area,Storm,TOTAL,"Temperature change with respect to a baseline climatology, corresponding to the period 1951-1980",Wildfire,Yearly Atmospheric Carbon Dioxide Concentrations,"Yearly Atmospheric Carbon Dioxide Concentrations, Year on Year Percentage Change"
Armenia,2018,15.4052,57.700270270270266,0.0,0.0,0.0,328.89,0.0,11.5521601685985,1.0,1.0,2.739,0.0,408.715,0.4825
Armenia,2019,15.3954,64.09486486486486,0.0,0.0,0.0,328.68,0.0,11.5447839831401,1.0,1.0,1.864,0.0,411.6491666666666,0.7174999999999999
Armenia,2020,15.3855,66.81702702702702,0.0,0.0,0.0,328.47,0.0,11.5374077976818,1.0,1.0,1.954,0.0,414.2141666666666,0.6233333333333334
Armenia,2021,,71.50756756756758,0.0,0.0,0.0,328.26,0.0,11.5300316122234,0.0,0.0,2.183,0.0,416.4141666666667,0.5308333333333334
Armenia,2022,,73.79405405405406,0.0,0.0,0.0,328.05,0.0,11.522655426765,0.0,0.0,1.845,0.0,418.52833333333336,0.5083333333333333
Bangladesh,2018,81.9844,57.700270270270266,0.0,1.0,2.0,1883.4,0.0,14.4687716063609,1.0,4.0,0.911,0.0,408.715,0.4825
Bangladesh,2019,81.9844,64.09486486486486,0.0,1.0,1.0,1883.4,1.0,14.4687716063609,3.0,6.0,1.151,0.0,411.6491666666666,0.7174999999999999
Bangladesh,2020,81.9844,66.81702702702702,0.0,0.0,1.0,1883.4,0.0,14.4687716063609,1.0,2.0,0.934,0.0,414.2141666666666,0.6233333333333334
Bangladesh,2021,,71.50756756756758,0.0,0.0,1.0,1883.4,0.0,14.4687716063609,1.0,2.0,1.326,0.0,416.4141666666667,0.5308333333333334
Bangladesh,2022,,73.79405405405406,0.0,0.0,1.0,1883.4,0.0,14.4687716063609,1.0,2.0,1.24,0.0,418.52833333333336,0.5083333333333333
Bhutan,2018,494.0738,57.700270270270266,0.0,0.0,0.0,2721.12,0.0,71.3455689564761,0.0,0.0,1.221,0.0,408.715,0.4825
Bhutan,2019,494.4333,64.09486486486486,0.0,0.0,0.0,2723.1,0.0,71.3974829575249,0.0,0.0,1.136,0.0,411.6491666666666,0.7174999999999999
Bhutan,2020,494.7928,66.81702702702702,0.0,0.0,0.0,2725.08,0.0,71.4493969585737,0.0,0.0,1.035,0.0,414.2141666666666,0.6233333333333334
Bhutan,2021,,71.50756756756758,0.0,0.0,1.0,2727.06,0.0,71.5013109596224,0.0,1.0,1.648,0.0,416.4141666666667,0.5308333333333334
Bhutan,2022,,73.79405405405406,0.0,0.0,0.0,2729.04,0.0,71.5532249606712,0.0,0.0,1.456,0.0,418.52833333333336,0.5083333333333333
Brunei Darussalam,2018,54.701,57.700270270270266,0.0,0.0,0.0,380.0,0.0,72.1062618595825,0.0,0.0,0.903,0.0,408.715,0.4825
Brunei Darussalam,2019,54.701,64.09486486486486,0.0,0.0,0.0,380.0,0.0,72.1062618595825,0.0,0.0,1.221,0.0,411.6491666666666,0.7174999999999999
Brunei Darussalam,2020,54.701,66.81702702702702,0.0,0.0,0.0,380.0,0.0,72.1062618595825,0.0,0.0,1.222,0.0,414.2141666666666,0.6233333333333334
Brunei Darussalam,2021,,71.50756756756758,0.0,0.0,0.0,380.0,0.0,72.1062618595825,0.0,0.0,0.972,0.0,416.4141666666667,0.5308333333333334
Brunei Darussalam,2022,,73.79405405405406,0.0,0.0,0.0,380.0,0.0,72.1062618595825,0.0,0.0,1.048,0.0,418.52833333333336,0.5083333333333333
Cambodia,2018,425.7751,57.700270270270266,0.0,0.0,1.0,8379.75,0.0,47.4719578518015,0.0,1.0,0.655,0.0,408.715,0.4825
Cambodia,2019,417.8645,64.09486486486486,0.0,0.0,1.0,8224.06,0.0,46.589961477453,0.0,1.0,1.37,0.0,411.6491666666666,0.7174999999999999
Cambodia,2020,409.9539,66.81702702702702,0.0,0.0,0.0,8068.37,0.0,45.7079651031045,2.0,2.0,1.275,0.0,414.2141666666666,0.6233333333333334
Cambodia,2021,,71.50756756756758,0.0,0.0,3.0,7912.68,0.0,44.825968728756,1.0,4.0,0.786,0.0,416.4141666666667,0.5308333333333334
Cambodia,2022,,73.79405405405406,0.0,0.0,1.0,7756.99,0.0,43.9439723544074,1.0,2.0,0.886,0.0,418.52833333333336,0.5083333333333333
China,2018,8387.1366,57.700270270270266,0.0,0.0,8.0,216219.04,0.0,23.0309121760165,12.0,20.0,1.375,0.0,408.715,0.4825
China,2019,8553.8275,64.09486486486486,0.0,0.0,6.0,218098.61,2.0,23.2311175399783,4.0,13.0,1.411,1.0,411.6491666666666,0.7174999999999999
China,2020,8724.3346,66.81702702702702,0.0,0.0,5.0,219978.18,1.0,23.4313229039402,4.0,11.0,1.58,1.0,414.2141666666666,0.6233333333333334
China,2021,,71.50756756756758,1.0,0.0,4.0,221857.75,0.0,23.631528267902,7.0,12.0,1.656,0.0,416.4141666666667,0.5308333333333334
China,2022,,73.79405405405406,1.0,0.0,4.0,223737.32,1.0,23.8317336318638,1.0,7.0,1.855,0.0,418.52833333333336,0.5083333333333333
Cyprus,2018,4.2176,57.700270270270266,0.0,0.0,0.0,172.57,0.0,18.6764069264069,0.0,0.0,2.104,0.0,408.715,0.4825
Cyprus,2019,4.2827,64.09486486486486,0.0,0.0,0.0,172.55,0.0,18.6742424242424,0.0,0.0,1.496,0.0,411.6491666666666,0.7174999999999999
Cyprus,2020,4.3529,66.81702702702702,0.0,0.0,0.0,172.53,0.0,18.6720779220779,0.0,0.0,1.632,0.0,414.2141666666666,0.6233333333333334
Cyprus,2021,,71.50756756756758,0.0,0.0,0.0,172.51,0.0,18.6699134199134,0.0,1.0,1.948,1.0,416.4141666666667,0.5308333333333334
Cyprus,2022,,73.79405405405406,0.0,0.0,0.0,172.49,0.0,18.6677489177489,0.0,0.0,1.179,0.0,418.52833333333336,0.5083333333333333
Georgia,2018,212.3009,57.700270270270266,0.0,0.0,1.0,2822.4,0.0,40.6159159591308,0.0,1.0,2.514,0.0,408.715,0.4825
Georgia,2019,212.3009,64.09486486486486,0.0,0.0,1.0,2822.4,0.0,40.6159159591308,0.0,1.0,1.775,0.0,411.6491666666666,0.7174999999999999
Georgia,2020,212.3009,66.81702702702702,0.0,0.0,1.0,2822.4,0.0,40.6159159591308,0.0,1.0,2.031,0.0,414.2141666666666,0.6233333333333334
Georgia,2021,,71.50756756756758,0.0,0.0,1.0,2822.4,0.0,40.6159159591308,0.0,1.0,1.757,0.0,416.4141666666667,0.5308333333333334
Georgia,2022,,73.79405405405406,0.0,0.0,1.0,2822.4,0.0,40.6159159591308,0.0,1.0,1.632,0.0,418.52833333333336,0.5083333333333333
India,2018,2972.5288,57.700270270270266,1.0,1.0,9.0,71627.2,0.0,24.0910268095884,11.0,23.0,0.881,1.0,408.715,0.4825
India,2019,2983.5844,64.09486486486486,0.0,2.0,5.0,71893.6,0.0,24.1806275414622,5.0,12.0,0.813,0.0,411.6491666666666,0.7174999999999999
India,2020,2994.64,66.81702702702702,0.0,0.0,5.0,72160.0,2.0,24.270228273336,4.0,11.0,0.529,0.0,414.2141666666666,0.6233333333333334
India,2021,,71.50756756756758,0.0,0.0,9.0,72426.4,2.0,24.3598290052099,5.0,16.0,0.734,0.0,416.4141666666667,0.5308333333333334
India,2022,,73.79405405405406,0.0,1.0,3.0,72692.8,1.0,24.4494297370837,2.0,7.0,0.784,0.0,418.52833333333336,0.5083333333333333
Indonesia,2018,9735.8074,57.700270270270266,0.0,0.0,6.0,93344.27,2.0,49.7168177792076,0.0,8.0,0.846,0.0,408.715,0.4825
Indonesia,2019,9672.6495,64.09486486486486,0.0,0.0,11.0,92738.73,2.0,49.3942964092507,0.0,14.0,1.026,1.0,411.6491666666666,0.7174999999999999
Indonesia,2020,9609.4928,66.81702702702702,0.0,0.0,25.0,92133.2,1.0,49.0717803654717,0.0,26.0,1.192,0.0,414.2141666666666,0.6233333333333334
Indonesia,2021,,71.50756756756758,0.0,0.0,18.0,91527.6633,2.0,48.3619448681206,1.0,21.0,0.992,0.0,416.4141666666667,0.5308333333333334
Indonesia,2022,,73.79405405405406,0.0,0.0,13.0,90922.1311,0.0,48.0419900717626,0.0,13.0,0.957,0.0,418.52833333333336,0.5083333333333333
Iran,2018,888.5199,57.700270270270266,0.0,0.0,1.0,10727.03,0.0,6.61142064714946,0.0,1.0,2.065,0.0,408.715,0.4825
Iran,2019,888.5924,64.09486486486486,0.0,0.0,3.0,10743.47,0.0,6.6215531587057,0.0,3.0,1.589,0.0,411.6491666666666,0.7174999999999999
Iran,2020,888.5345,66.81702702702702,0.0,0.0,6.0,10751.87,1.0,6.62673035439137,0.0,7.0,1.335,0.0,414.2141666666666,0.6233333333333334
Iran,2021,,71.50756756756758,1.0,0.0,1.0,10765.63,0.0,6.63521109399075,2.0,4.0,2.161,0.0,416.4141666666667,0.5308333333333334
Iran,2022,,73.79405405405406,0.0,0.0,3.0,10775.8167,0.0,6.64148949152542,0.0,3.0,2.366,0.0,418.52833333333336,0.5083333333333333
Iraq,2018,25.7482,57.700270270270266,0.0,0.0,1.0,825.0,0.0,1.90036118379833,0.0,1.0,2.394,0.0,408.715,0.4825
Iraq,2019,25.6163,64.09486486486486,0.0,0.0,1.0,825.0,0.0,1.90036118379833,0.0,1.0,1.619,0.0,411.6491666666666,0.7174999999999999
Iraq,2020,25.4677,66.81702702702702,0.0,0.0,1.0,825.0,0.0,1.90036118379833,0.0,1.0,1.854,0.0,414.2141666666666,0.6233333333333334
Iraq,2021,,71.50756756756758,1.0,0.0,2.0,825.0,0.0,1.90036118379833,0.0,3.0,2.661,0.0,416.4141666666667,0.5308333333333334
Iraq,2022,,73.79405405405406,0.0,0.0,0.0,825.0,0.0,1.90036118379833,1.0,1.0,2.169,0.0,418.52833333333336,0.5083333333333333
Israel,2018,0.6244,57.700270270270266,0.0,0.0,1.0,140.0,0.0,6.46950092421442,0.0,1.0,2.139,0.0,408.715,0.4825
Israel,2019,0.6244,64.09486486486486,0.0,0.0,0.0,140.0,0.0,6.46950092421442,0.0,0.0,1.343,0.0,411.6491666666666,0.7174999999999999
Israel,2020,0.6244,66.81702702702702,0.0,0.0,1.0,140.0,0.0,6.46950092421442,0.0,2.0,1.612,1.0,414.2141666666666,0.6233333333333334
Israel,2021,,71.50756756756758,0.0,0.0,0.0,140.0,0.0,6.46950092421442,0.0,0.0,1.964,0.0,416.4141666666667,0.5308333333333334
Israel,2022,,73.79405405405406,0.0,0.0,0.0,140.0,0.0,6.46950092421442,0.0,0.0,1.275,0.0,418.52833333333336,0.5083333333333333
Japan,2018,1770.385,57.700270270270266,0.0,1.0,1.0,24935.0,0.0,68.4087791495199,3.0,5.0,0.908,0.0,408.715,0.4825
Japan,2019,1770.385,64.09486486486486,0.0,2.0,3.0,24935.0,0.0,68.4087791495199,4.0,9.0,1.253,0.0,411.6491666666666,0.7174999999999999
Japan,2020,1770.385,66.81702702702702,0.0,0.0,1.0,24935.0,0.0,68.4087791495199,3.0,4.0,1.418,0.0,414.2141666666666,0.6233333333333334
Japan,2021,,71.50756756756758,0.0,0.0,2.0,24935.0,1.0,68.4087791495199,1.0,4.0,1.253,0.0,416.4141666666667,0.5308333333333334
Japan,2022,,73.79405405405406,0.0,1.0,1.0,24935.0,0.0,68.4087791495199,4.0,6.0,1.316,0.0,418.52833333333336,0.5083333333333333
Jordan,2018,3.3374,57.700270270270266,0.0,0.0,2.0,97.5,0.0,1.09822031989187,0.0,2.0,2.115,0.0,408.715,0.4825
Jordan,2019,3.3374,64.09486486486486,0.0,0.0,0.0,97.5,0.0,1.09804716534901,0.0,0.0,1.426,0.0,411.6491666666666,0.7174999999999999
Jordan,2020,3.3374,66.81702702702702,0.0,0.0,0.0,97.5,0.0,1.09804716534901,0.0,0.0,1.772,0.0,414.2141666666666,0.6233333333333334
Jordan,2021,,71.50756756756758,0.0,0.0,0.0,97.5,0.0,1.09804716534901,0.0,0.0,2.081,0.0,416.4141666666667,0.5308333333333334
Jordan,2022,,73.79405405405406,0.0,0.0,0.0,97.5,0.0,1.09804716534901,0.0,0.0,1.511,0.0,418.52833333333336,0.5083333333333333
Kazakhstan,2018,172.7308,57.700270270270266,0.0,0.0,1.0,3396.2012,0.0,1.25799207319332,0.0,1.0,0.605,0.0,408.715,0.4825
Kazakhstan,2019,172.7449,64.09486486486486,0.0,0.0,0.0,3425.44,0.0,1.26882246175501,0.0,0.0,1.447,0.0,411.6491666666666,0.7174999999999999
Kazakhstan,2020,172.734,66.81702702702702,0.0,0.0,1.0,3454.68,0.0,1.27965329481053,0.0,1.0,2.8,0.0,414.2141666666666,0.6233333333333334
Kazakhstan,2021,,71.50756756756758,1.0,0.0,0.0,3483.9192,0.0,1.29048383153684,0.0,1.0,1.41,0.0,416.4141666666667,0.5308333333333334
Kazakhstan,2022,,73.79405405405406,0.0,0.0,0.0,3513.1589,0.0,1.3013145534689,0.0,0.0,2.665,0.0,418.52833333333336,0.5083333333333333
Kyrgyzstan,2018,38.5077,57.700270270270266,0.0,0.0,0.0,1278.9,0.0,6.66788321167883,0.0,0.0,1.155,0.0,408.715,0.4825
Kyrgyzstan,2019,39.5628,64.09486486486486,0.0,0.0,0.0,1297.14,0.0,6.76298227320125,0.0,0.0,1.597,0.0,411.6491666666666,0.7174999999999999
Kyrgyzstan,2020,40.6321,66.81702702702702,0.0,0.0,0.0,1315.38,0.0,6.85808133472367,0.0,0.0,1.282,0.0,414.2141666666666,0.6233333333333334
Kyrgyzstan,2021,,71.50756756756758,0.0,0.0,0.0,1333.62,1.0,6.95318039624609,0.0,1.0,1.297,0.0,416.4141666666667,0.5308333333333334
Kyrgyzstan,2022,,73.79405405405406,0.0,1.0,0.0,1351.86,0.0,7.04827945776851,0.0,1.0,2.491,0.0,418.52833333333336,0.5083333333333333
Laos,2018,1142.0182,57.700270270270266,0.0,0.0,1.0,16664.5,0.0,72.2032062391681,2.0,3.0,0.788,0.0,408.715,0.4825
Laos,2019,1139.6539,64.09486486486486,1.0,0.0,1.0,16630.0,0.0,72.053726169844,0.0,2.0,2.014,0.0,411.6491666666666,0.7174999999999999
Laos,2020,1137.2896,66.81702702702702,0.0,0.0,0.0,16595.5,0.0,71.9042461005199,2.0,2.0,1.546,0.0,414.2141666666666,0.6233333333333334
Laos,2021,,71.50756756756758,0.0,0.0,0.0,16561.0,0.0,71.7547660311958,1.0,1.0,1.078,0.0,416.4141666666667,0.5308333333333334
Laos,2022,,73.79405405405406,0.0,0.0,1.0,16526.5,0.0,71.6052859618717,0.0,1.0,0.903,0.0,418.52833333333336,0.5083333333333333
Lebanon,2018,5.0058,57.700270270270266,0.0,0.0,0.0,142.13,0.0,13.8934506353861,1.0,1.0,2.235,0.0,408.715,0.4825
Lebanon,2019,5.027,64.09486486486486,0.0,0.0,0.0,142.73,0.0,13.9521016617791,1.0,1.0,1.494,0.0,411.6491666666666,0.7174999999999999
Lebanon,2020,5.0481,66.81702702702702,0.0,0.0,0.0,143.33,0.0,14.010752688172,0.0,1.0,1.726,1.0,414.2141666666666,0.6233333333333334
Lebanon,2021,,71.50756756756758,0.0,0.0,0.0,143.93,0.0,14.069403714565,0.0,0.0,2.157,0.0,416.4141666666667,0.5308333333333334
Lebanon,2022,,73.79405405405406,0.0,0.0,0.0,144.53,0.0,14.128054740958,0.0,0.0,1.413,0.0,418.52833333333336,0.5083333333333333
Malaysia,2018,2350.1059,57.700270270270266,0.0,0.0,2.0,19214.34,0.0,58.4822401460965,0.0,2.0,1.026,0.0,408.715,0.4825
Malaysia,2019,2343.9721,64.09486486486486,0.0,0.0,4.0,19164.19,0.0,58.3295997565059,0.0,4.0,1.318,0.0,411.6491666666666,0.7174999999999999
Malaysia,2020,2337.8382,66.81702702702702,0.0,0.0,5.0,19114.04,0.0,58.1769593669152,0.0,5.0,1.281,0.0,414.2141666666666,0.6233333333333334
Malaysia,2021,,71.50756756756758,0.0,0.0,8.0,19063.89,0.0,58.0243189773246,0.0,8.0,1.106,0.0,416.4141666666667,0.5308333333333334
Malaysia,2022,,73.79405405405406,0.0,0.0,5.0,19013.74,1.0,57.871678587734,0.0,6.0,1.014,0.0,418.52833333333336,0.5083333333333333
Maldives,2018,0.0645,57.700270270270266,0.0,0.0,0.0,0.82,0.0,2.73333333333333,0.0,0.0,0.725,0.0,408.715,0.4825
Maldives,2019,0.0645,64.09486486486486,0.0,0.0,1.0,0.82,0.0,2.73333333333333,0.0,1.0,0.989,0.0,411.6491666666666,0.7174999999999999
Maldives,2020,0.0645,66.81702702702702,0.0,0.0,0.0,0.82,0.0,2.73333333333333,0.0,0.0,1.0,0.0,414.2141666666666,0.6233333333333334
Maldives,2021,,71.50756756756758,0.0,0.0,0.0,0.82,0.0,2.73333333333333,1.0,1.0,0.924,0.0,416.4141666666667,0.5308333333333334
Maldives,2022,,73.79405405405406,0.0,0.0,0.0,0.82,0.0,2.73333333333333,0.0,0.0,0.559,0.0,418.52833333333336,0.5083333333333333
Mongolia,2018,534.3975,57.700270270270266,0.0,1.0,1.0,14175.0,0.0,9.10255545816196,1.0,3.0,2.236,0.0,408.715,0.4825
Mongolia,2019,534.3557,64.09486486486486,0.0,1.0,1.0,14173.89,0.0,9.10182513109581,1.0,3.0,1.871,0.0,411.6491666666666,0.7174999999999999
Mongolia,2020,534.3138,66.81702702702702,0.0,0.0,3.0,14172.78,0.0,9.09965848797644,1.0,4.0,2.384,0.0,414.2141666666666,0.6233333333333334
Mongolia,2021,,71.50756756756758,0.0,0.0,1.0,14171.67,0.0,9.09894465963877,1.0,2.0,2.029,0.0,416.4141666666667,0.5308333333333334
Mongolia,2022,,73.79405405405406,0.0,1.0,1.0,14170.56,0.0,9.09823321482806,0.0,2.0,2.236,0.0,418.52833333333336,0.5083333333333333
Myanmar,2018,2200.5573,57.700270270270266,0.0,0.0,3.0,29123.31,1.0,44.6197487360196,0.0,4.0,1.087,0.0,408.715,0.4825
Myanmar,2019,2178.3785,64.09486486486486,0.0,0.0,2.0,28833.6,1.0,44.1758847862724,0.0,3.0,1.651,0.0,411.6491666666666,0.7174999999999999
Myanmar,2020,2155.92,66.81702702702702,0.0,0.0,1.0,28543.89,1.0,43.7340309804342,0.0,2.0,1.547,0.0,414.2141666666666,0.6233333333333334
Myanmar,2021,,71.50756756756758,0.0,0.0,1.0,28254.18,0.0,43.2901466284646,0.0,1.0,1.553,0.0,416.4141666666667,0.5308333333333334
Myanmar,2022,,73.79405405405406,0.0,0.0,0.0,27964.47,0.0,42.846262276495,0.0,0.0,1.323,0.0,418.52833333333336,0.5083333333333333
Nepal,2018,643.4819,57.700270270270266,0.0,1.0,1.0,5962.03,0.0,41.5907220090687,0.0,2.0,0.63,0.0,408.715,0.4825
Nepal,2019,643.4819,64.09486486486486,0.0,0.0,1.0,5962.03,0.0,41.5907220090687,1.0,2.0,0.699,0.0,411.6491666666666,0.7174999999999999
Nepal,2020,643.4819,66.81702702702702,0.0,0.0,1.0,5962.03,0.0,41.5907220090687,0.0,1.0,0.059,0.0,414.2141666666666,0.6233333333333334
Nepal,2021,,71.50756756756758,0.0,0.0,4.0,5962.03,0.0,41.5907220090687,0.0,4.0,0.428,0.0,416.4141666666667,0.5308333333333334
Nepal,2022,,73.79405405405406,0.0,0.0,2.0,5962.03,1.0,41.5907220090687,1.0,4.0,0.963,0.0,418.52833333333336,0.5083333333333333
North Korea,2018,243.5093,57.700270270270266,0.0,1.0,1.0,6072.55,0.0,50.432273067021,1.0,3.0,0.935,0.0,408.715,0.4825
North Korea,2019,242.6579,64.09486486486486,1.0,0.0,0.0,6051.32,0.0,50.255958807408,1.0,2.0,1.889,0.0,411.6491666666666,0.7174999999999999
North Korea,2020,241.8066,66.81702702702702,0.0,0.0,1.0,6030.09,0.0,50.079644547795,0.0,1.0,1.892,0.0,414.2141666666666,0.6233333333333334
North Korea,2021,,71.50756756756758,0.0,0.0,1.0,6008.86,0.0,49.903330288182,0.0,1.0,1.87,0.0,416.4141666666667,0.5308333333333334
North Korea,2022,,73.79405405405406,0.0,0.0,0.0,5987.63,0.0,49.7270160285691,0.0,0.0,1.581,0.0,418.52833333333336,0.5083333333333333
Oman,2018,0.1671,57.700270270270266,0.0,0.0,0.0,2.6,0.0,0.0084006462035541,2.0,2.0,1.319,0.0,408.715,0.4825
Oman,2019,0.1619,64.09486486486486,0.0,0.0,1.0,2.5,0.0,0.0080775444264943,0.0,1.0,1.089,0.0,411.6491666666666,0.7174999999999999
Oman,2020,0.1619,66.81702702702702,0.0,0.0,1.0,2.5,0.0,0.0080775444264943,0.0,1.0,0.757,0.0,414.2141666666666,0.6233333333333334
Oman,2021,,71.50756756756758,0.0,0.0,0.0,2.4333,0.0,0.0078620355411954,2.0,2.0,1.537,0.0,416.4141666666667,0.5308333333333334
Oman,2022,,73.79405405405406,0.0,0.0,0.0,2.4111,0.0,0.0077903069466882,0.0,0.0,1.226,0.0,418.52833333333336,0.5083333333333333
Pakistan,2018,175.766,57.700270270270266,0.0,1.0,1.0,3808.58,0.0,4.94056143628061,0.0,2.0,1.572,0.0,408.715,0.4825
Pakistan,2019,173.8581,64.09486486486486,1.0,0.0,8.0,3767.24,0.0,4.88693441261934,1.0,10.0,0.774,0.0,411.6491666666666,0.7174999999999999
Pakistan,2020,171.9503,66.81702702702702,0.0,0.0,4.0,3725.9,1.0,4.83330738895807,1.0,6.0,0.618,0.0,414.2141666666666,0.6233333333333334
Pakistan,2021,,71.50756756756758,0.0,0.0,4.0,3684.56,0.0,4.7796803652968,2.0,6.0,1.344,0.0,416.4141666666667,0.5308333333333334
Pakistan,2022,,73.79405405405406,0.0,1.0,1.0,3643.22,0.0,4.72605334163553,1.0,4.0,1.615,1.0,418.52833333333336,0.5083333333333333
Philippines,2018,920.9604,57.700270270270266,0.0,0.0,1.0,7118.81,0.0,23.8750041922393,7.0,8.0,1.242,0.0,408.715,0.4825
Philippines,2019,920.252,64.09486486486486,1.0,0.0,1.0,7153.7,0.0,23.9920179763222,7.0,9.0,1.318,0.0,411.6491666666666,0.7174999999999999
Philippines,2020,919.5644,66.81702702702702,0.0,0.0,0.0,7188.59,1.0,24.1090317604051,6.0,7.0,1.47,0.0,414.2141666666666,0.6233333333333334
Philippines,2021,,71.50756756756758,0.0,0.0,5.0,7223.48,0.0,24.226045544488,8.0,13.0,1.334,0.0,416.4141666666667,0.5308333333333334
Philippines,2022,,73.79405405405406,0.0,0.0,2.0,7258.37,1.0,24.3430593285709,6.0,9.0,1.309,0.0,418.52833333333336,0.5083333333333333
Saudi Arabia,2018,16.1889,57.700270270270266,0.0,0.0,0.0,977.0,0.0,0.454484134921779,0.0,0.0,1.849,0.0,408.715,0.4825
Saudi Arabia,2019,16.1889,64.09486486486486,0.0,0.0,3.0,977.0,0.0,0.454484134921779,0.0,3.0,1.69,0.0,411.6491666666666,0.7174999999999999
Saudi Arabia,2020,16.1889,66.81702702702702,0.0,0.0,1.0,977.0,0.0,0.454484134921779,0.0,1.0,1.474,0.0,414.2141666666666,0.6233333333333334
Saudi Arabia,2021,,71.50756756756758,0.0,0.0,0.0,977.0,0.0,0.454484134921779,0.0,0.0,2.227,0.0,416.4141666666667,0.5308333333333334
Saudi Arabia,2022,,73.79405405405406,0.0,0.0,0.0,977.0,0.0,0.454484134921779,0.0,0.0,1.782,0.0,418.52833333333336,0.5083333333333333
Singapore,2018,1.2202,57.700270270270266,0.0,0.0,0.0,15.93,0.0,22.3109243697479,0.0,0.0,0.992,0.0,408.715,0.4825
Singapore,2019,1.2065,64.09486486486486,0.0,0.0,0.0,15.75,0.0,21.9972067039106,0.0,0.0,1.626,0.0,411.6491666666666,0.7174999999999999
Singapore,2020,1.1927,66.81702702702702,0.0,0.0,0.0,15.57,0.0,21.6852367688022,0.0,0.0,1.407,0.0,414.2141666666666,0.6233333333333334
Singapore,2021,,71.50756756756758,0.0,0.0,0.0,15.39,0.0,21.4345403899721,0.0,0.0,1.509,0.0,416.4141666666667,0.5308333333333334
Singapore,2022,,73.79405405405406,0.0,0.0,0.0,15.21,0.0,21.1838440111421,0.0,0.0,1.345,0.0,418.52833333333336,0.5083333333333333
South Korea,2018,521.5889,57.700270270270266,0.0,1.0,0.0,6307.0,0.0,64.6739130434783,0.0,1.0,0.964,0.0,408.715,0.4825
South Korea,2019,533.7967,64.09486486486486,0.0,0.0,0.0,6297.0,0.0,64.5184426229508,3.0,4.0,1.521,1.0,411.6491666666666,0.7174999999999999
South Korea,2020,545.5859,66.81702702702702,0.0,0.0,2.0,6287.0,0.0,64.4159836065574,3.0,5.0,1.498,0.0,414.2141666666666,0.6233333333333334
South Korea,2021,,71.50756756756758,0.0,0.0,0.0,6277.0,0.0,64.3135245901639,1.0,1.0,1.694,0.0,416.4141666666667,0.5308333333333334
South Korea,2022,,73.79405405405406,0.0,1.0,1.0,6267.0,0.0,64.2110655737705,1.0,4.0,1.546,1.0,418.52833333333336,0.5083333333333333
Sri Lanka,2018,100.0328,57.700270270270266,0.0,0.0,3.0,2119.34,0.0,34.2580499159447,0.0,3.0,0.771,0.0,408.715,0.4825
Sri Lanka,2019,99.8837,64.09486486486486,1.0,0.0,5.0,2116.18,0.0,34.2067102490331,0.0,6.0,1.223,0.0,411.6491666666666,0.7174999999999999
Sri Lanka,2020,99.7134,66.81702702702702,0.0,0.0,2.0,2113.02,0.0,34.1580989330747,1.0,3.0,1.265,0.0,414.2141666666666,0.6233333333333334
Sri Lanka,2021,,71.50756756756758,0.0,0.0,4.0,2109.86,0.0,34.1070158422244,1.0,5.0,0.978,0.0,416.4141666666667,0.5308333333333334
Sri Lanka,2022,,73.79405405405406,0.0,0.0,3.0,2106.7,0.0,34.0559327513741,2.0,5.0,0.937,0.0,418.52833333333336,0.5083333333333333
Syrian Arab Republic,2018,15.9548,57.700270270270266,0.0,0.0,0.0,522.08,0.0,2.84310842454937,0.0,0.0,2.424,0.0,408.715,0.4825
Syrian Arab Republic,2019,15.9495,64.09486486486486,0.0,0.0,1.0,522.08,0.0,2.84310842454937,0.0,1.0,1.61,0.0,411.6491666666666,0.7174999999999999
Syrian Arab Republic,2020,15.9495,66.81702702702702,0.0,0.0,0.0,522.08,0.0,2.84310842454937,0.0,1.0,1.931,1.0,414.2141666666666,0.6233333333333334
Syrian Arab Republic,2021,,71.50756756756758,1.0,0.0,1.0,522.08,0.0,2.84310842454937,0.0,2.0,2.327,0.0,416.4141666666667,0.5308333333333334
Syrian Arab Republic,2022,,73.79405405405406,0.0,0.0,0.0,522.08,0.0,2.81931537110257,1.0,1.0,1.635,0.0,418.52833333333336,0.5083333333333333
Thailand,2018,1657.0306,57.700270270270266,0.0,0.0,0.0,19945.0,0.0,39.0397150071444,0.0,0.0,0.813,0.0,408.715,0.4825
Thailand,2019,1653.8406,64.09486486486486,1.0,0.0,1.0,19909.0,0.0,38.9692497406487,1.0,3.0,1.714,0.0,411.6491666666666,0.7174999999999999
Thailand,2020,1650.8501,66.81702702702702,0.0,0.0,3.0,19873.0,0.0,38.8987844741529,4.0,7.0,1.475,0.0,414.2141666666666,0.6233333333333334
Thailand,2021,,71.50756756756758,0.0,0.0,5.0,19837.0,0.0,38.8283192076572,1.0,6.0,1.012,0.0,416.4141666666667,0.5308333333333334
Thailand,2022,,73.79405405405406,0.0,0.0,9.0,19801.0,0.0,38.7578539411615,2.0,11.0,0.937,0.0,418.52833333333336,0.5083333333333333
Timor-Leste,2018,83.3727,57.700270270270266,0.0,0.0,0.0,923.9,0.0,62.1318090114324,0.0,0.0,0.333,0.0,408.715,0.4825
Timor-Leste,2019,83.2464,64.09486486486486,0.0,0.0,0.0,922.5,0.0,62.0376597175521,0.0,0.0,0.443,0.0,411.6491666666666,0.7174999999999999
Timor-Leste,2020,83.1201,66.81702702702702,0.0,0.0,1.0,921.1,0.0,61.9435104236718,0.0,1.0,1.351,0.0,414.2141666666666,0.6233333333333334
Timor-Leste,2021,,71.50756756756758,0.0,0.0,0.0,919.7,0.0,61.8493611297915,1.0,1.0,0.693,0.0,416.4141666666667,0.5308333333333334
Timor-Leste,2022,,73.79405405405406,0.0,0.0,0.0,918.3,0.0,61.7552118359112,0.0,0.0,0.601,0.0,418.52833333333336,0.5083333333333333
Turkmenistan,2018,11.7207,57.700270270270266,0.0,0.0,0.0,4127.0,0.0,8.78215904496414,0.0,0.0,1.522,0.0,408.715,0.4825
Turkmenistan,2019,11.7207,64.09486486486486,0.0,0.0,0.0,4127.0,0.0,8.78215904496414,0.0,0.0,1.792,0.0,411.6491666666666,0.7174999999999999
Turkmenistan,2020,11.7207,66.81702702702702,0.0,0.0,0.0,4127.0,0.0,8.78215904496414,0.0,0.0,1.503,0.0,414.2141666666666,0.6233333333333334
Turkmenistan,2021,,71.50756756756758,0.0,0.0,0.0,4127.0,0.0,8.78215904496414,0.0,0.0,1.639,0.0,416.4141666666667,0.5308333333333334
Turkmenistan,2022,,73.79405405405406,0.0,0.0,0.0,4127.0,0.0,8.78215904496414,0.0,0.0,2.508,0.0,418.52833333333336,0.5083333333333333
Türkiye,2018,703.6965,57.700270270270266,0.0,0.0,0.0,21908.36,1.0,28.4660940971636,0.0,1.0,2.617,0.0,408.715,0.4825
Türkiye,2019,708.7072,64.09486486486486,0.0,0.0,3.0,22064.36,0.0,28.6687888985616,0.0,3.0,1.679,0.0,411.6491666666666,0.7174999999999999
Türkiye,2020,713.718,66.81702702702702,0.0,0.0,3.0,22220.36,1.0,28.8714836999597,1.0,5.0,1.877,0.0,414.2141666666666,0.6233333333333334
Türkiye,2021,,71.50756756756758,0.0,0.0,2.0,22376.36,0.0,29.0741785013578,0.0,3.0,1.92,1.0,416.4141666666667,0.5308333333333334
Türkiye,2022,,73.79405405405406,0.0,0.0,3.0,22532.36,0.0,29.2768733027559,0.0,3.0,1.288,0.0,418.52833333333336,0.5083333333333333
United Arab Emirates,2018,15.8777,57.700270270270266,0.0,0.0,0.0,317.3,0.0,4.46775556181357,0.0,0.0,1.705,0.0,408.715,0.4825
United Arab Emirates,2019,15.8777,64.09486486486486,0.0,0.0,0.0,317.3,0.0,4.46775556181357,0.0,0.0,1.413,0.0,411.6491666666666,0.7174999999999999
United Arab Emirates,2020,15.8777,66.81702702702702,0.0,0.0,0.0,317.3,0.0,4.46775556181357,0.0,0.0,1.413,0.0,414.2141666666666,0.6233333333333334
United Arab Emirates,2021,,71.50756756756758,0.0,0.0,0.0,317.3,0.0,4.46775556181357,0.0,0.0,1.898,0.0,416.4141666666667,0.5308333333333334
United Arab Emirates,2022,,73.79405405405406,0.0,0.0,0.0,317.3,0.0,4.46775556181357,0.0,0.0,1.677,0.0,418.52833333333336,0.5083333333333333
Uzbekistan,2018,119.0347,57.700270270270266,0.0,0.0,0.0,3637.98,0.0,8.25712061408984,0.0,0.0,0.959,0.0,408.715,0.4825
Uzbekistan,2019,119.8802,64.09486486486486,0.0,0.0,0.0,3663.82,0.0,8.31637366503615,0.0,0.0,1.853,0.0,411.6491666666666,0.7174999999999999
Uzbekistan,2020,120.7257,66.81702702702702,0.0,0.0,1.0,3689.66,0.0,8.37322137751049,0.0,1.0,1.627,0.0,414.2141666666666,0.6233333333333334
Uzbekistan,2021,,71.50756756756758,0.0,0.0,0.0,3715.5,1.0,8.43180461723851,0.0,1.0,1.446,0.0,416.4141666666667,0.5308333333333334
Uzbekistan,2022,,73.79405405405406,0.0,0.0,1.0,3741.34,0.0,8.49046413042492,0.0,1.0,2.52,0.0,418.52833333333336,0.5083333333333333
Viet Nam,2018,542.2641,57.700270270270266,0.0,0.0,3.0,14491.29,0.0,46.2346815387217,4.0,7.0,0.78,0.0,408.715,0.4825
Viet Nam,2019,542.9192,64.09486486486486,1.0,0.0,5.0,14567.19,0.0,46.4768416451573,2.0,8.0,1.734,0.0,411.6491666666666,0.7174999999999999
Viet Nam,2020,546.1873,66.81702702702702,0.0,0.0,1.0,14643.09,0.0,46.7190017515929,10.0,11.0,1.418,0.0,414.2141666666666,0.6233333333333334
Viet Nam,2021,,71.50756756756758,0.0,0.0,3.0,14718.99,0.0,46.9611618580284,5.0,8.0,1.025,0.0,416.4141666666667,0.5308333333333334
Viet Nam,2022,,73.79405405405406,0.0,0.0,5.0,14794.89,0.0,47.203321964464,3.0,8.0,0.945,0.0,418.52833333333336,0.5083333333333333
